<?xml version="1.0" encoding="UTF-8"?>

<beans xmlns="http://www.springframework.org/schema/beans"
	xmlns:xsi="http://www.w3.org/2001/XMLSchema-instance" xmlns:context="http://www.springframework.org/schema/context"
	xmlns:mvc="http://www.springframework.org/schema/mvc" xmlns:tx="http://www.springframework.org/schema/tx"
	xsi:schemaLocation="http://www.springframework.org/schema/beans
       http://www.springframework.org/schema/beans/spring-beans.xsd
       http://www.springframework.org/schema/mvc
       http://www.springframework.org/schema/mvc/spring-mvc.xsd
       http://www.springframework.org/schema/context
       http://www.springframework.org/schema/context/spring-context.xsd">

	<mvc:annotation-driven></mvc:annotation-driven>

	<context:component-scan base-package="onlineShopping"></context:component-scan>

	<!-- Using this it get the actual view name by converting logical view name -->
	<!-- for eg: logical view name is welcome -->
	<!-- it will convert it to WEB-INF/Views/welcome.jsp -->

	<bean id="viewResolver"
		class="org.springframework.web.servlet.view.InternalResourceViewResolver">
		<property name="prefix" value="/WEB-INF/page/" />
		<property name="suffix" value=".jsp" />
	</bean>

	<!-- mvc:resources is to find the resource file like bootstrap,css,JQuery 
		and Images in resource folder -->

	<mvc:resources mapping="/resource/**" location="/WEB-INF/resource/" />
</beans>